224159044,annemarthvdk,Annemarth van der Kaaij,342,375,68
2306025089,k3loverhkm,,2121,310,1141
1767870805,donnasbluebox,,12100,1313,3227
252710302,robin.balou,Robin Balou Official ğŸ†’,7055,1056,929
1202243774,sega_kutove,"Ğ¡ĞµĞ³Ğ° ĞšÑƒÑ‚Ğ¾Ğ²Ğ¾Ğ¹, 20 Ğ»ĞµÑ‚. ğŸ¦",132266,222,1673
630616809,valeriesoukotta_,love the most hightest.ğŸ™,709,575,366
2867225022,thesuavelumberjack,THE SUAVE LUMBERJACKâ„¢,46737,184,714
1671103477,natalievijfhuizen,Natalie Vijfhuizen,5899,342,186
1018216552,amaiacabezudo,Amaia,3170,2416,804
8911164,kimkotter,kimkotter,46216,649,1956
7719696,arianagrande,Ariana Grande,91158696,1293,2708
3428505105,spunky,Makeup ğŸ’…,86970,15,445
2062601733,emilyke21,Emily Hosten,1166,420,656
233629423,bylotte,Bylotte.nl,8761,1725,2286
12804395,ashleybonney,Ashley Bonney,302,530,804
1339141664,noortje_van_velzen,Noortje van Velzen â˜ï¸,50478,255,119
1574083,snoopdogg,snoopdogg,13794657,2505,26737
25025320,instagram,Instagram,201575071,192,3878
1734630055,livingthepettylife,,79913,3432,10878
1496956615,clickdeportivo1,Click Deportivo,11994,732,7723
182668366,andreaalvarado15,Andrea Alvarado,4053,810,209
2630079736,aliemarianaus,Alie Maria Naus,673,1050,118
1434659857,tom_barten,Tom Barten,30706,447,1498
610362026,29sha,Shannen van Ommeren,1144,460,271
