3409364414,laa.cataleyaa,Rosaa macayaa,597,1278,83
333657708,memo.lg,Memo GonzÃ¡lez,1888,550,121
362719292,maisjesuisuneartiste,Cheyenne,609,496,963
22599385,tiffanynicolecombs,Tiffany Combs ğŸ€,651,718,1023
580147537,bordiyan_andrey,ĞĞ½Ğ´Ñ€ĞµĞ¹ Ğ‘Ğ¾Ñ€Ğ´Ğ¸ÑĞ½,217,159,60
2124073994,vera_chan23,Vera Sholing,538,212,171
588508190,andreanbm,Andrea Bardales,646,353,61
214450566,driccalee_k,Living in JapanğŸ‡¯ğŸ‡µ,4191,631,1122
4089436731,niall_horan1390,Niall Horan,251,615,354
583912695,rubvdoorn,Ruben,160,139,72
43601639,jules_kelley,jules_kelley,438,842,293
218992780,sennettstamper,Sennett Stamper,163,244,383
253881243,jojothekreuter,Johannes Kreuter,220,264,67
178865782,daniellegrisel,DG,923,602,696
30608305,tbosmans,Tim Bosmans,286,607,241
53353200,priggekim,Kim Jo Prigge,476,436,133
1480876884,caleb.curtin,caleb,248,1226,85
2073564295,aldimovari,Aldi Movari,750,7506,90
224159044,annemarthvdk,Annemarth van der Kaaij,342,375,68
347880723,stevenviterik,Jorge Steven,534,2568,80
715931525,george.volis,GEORGE V.,5712,1047,458
257634281,larissahoogland,Larissa | mommy | photographer,698,591,234
16764337,irenegamb0a,Irene Gamboa,1957,1126,241
1536127935,memaawadis,Mâ¤ï¸R,337,2357,287
8436553,marydokukina,ğŸ‘¸  Mary ğŸ‘¸,1287,740,1209
24889376,charissschouten,ğŸ‘©ğŸ¾ğŸŒ¿ Charis Schouten,912,806,3857
14877688,harleigh_eliana,Harleigh Eliana,1258,602,1249
48274124,tiago_gleick,tiago dos santos,150,357,238
29741438,charlotteex,Charlotte Peeters,255,737,65
317017001,kimcoelewij,Kim Coelewij,501,448,176
42186186,lisetteschuilwerve,SES âœ–ï¸âœ–ï¸âœ–ï¸AMSTERDAM,555,592,273
1494438850,christina_nek,NEKRASOVA K R I S T I N A,438,270,252
3035022047,arpita_pradhan_,ğŸ’–GORGEOUS_GLITTERğŸ’–,949,918,98
414369488,wingsbyou,Wings Byou,463,818,168
299121154,moaz305,ğŸ˜ƒ Keep Smiling ğŸ˜‰,2715,628,622
994823557,brennemiee,BrendaağŸ€,869,632,379
235955574,claudia_vrolijk,Claudia,236,674,409
2065359254,francociocci,franco ciocci,690,5126,67
629421996,kimberlyderijck02,Kimberly,382,1006,78
8911164,kimkotter,kimkotter,46221,649,1956
1941474,micheledemarie,Michelle Maria Hofstee,5340,969,319
2214322503,hannahc_26,Hannah C,87,126,90
1615255463,_pedro_rus,Pedro Rus,896,743,65
1576966768,maartje.vanhooren,Maartje van Hooren,258,657,242
41519766,charlotte_vandamme,Charlotte VanDamme,259,424,116
620251928,vicklook,Virginia,65172,357,937
199176932,john_lee_official,John Lee,47630,183,811
455582036,oztany,Tany Ortega,1603,1761,649
1339141664,noortje_van_velzen,Noortje van Velzen â˜ï¸,50450,255,119
3592231861,k3_kleren,Marit,596,1042,87
1216477900,okine_1_6_,Nagy EnikÅ‘,345,309,147
1591492124,dutchfish1967,Alles is Liefde! Voor ...ğŸ¼ğŸ§,81,219,102
3044836678,jay.n.ar,Jay n Ar,6654,6021,106
1313626076,bckspace_eyewear,bckspace eyewear,1090,1324,216
4072011373,stefanusadiwijay,Stefanus adi wijaya,112,278,60
37098635,charlottewintjes,Charlotte van der Pol-Wintjes,294,437,84
1695977616,captain_butter_buns,Miranda (Luna The Fox),1645,2740,256
2097935913,zilya.rustemovna,Ğ—Ğ¸Ğ»Ñ,423,301,208
3498158683,pastor_kotadiny,pastor Joshua,476,890,684
208141116,dalinevdhoef,Daline van de Hoef,493,432,221
22022962,catharinavdlans,Catharina van der Lans,527,532,114
261876929,jarakorstanje,Jara Korstanje ğŸ’,329,385,110
24407094,alexabeyro,alexabeyro,15821,272,384
2255818607,romeo4891,romeo,41,325,66
1509615119,a_lexandrajones,Alexandra Jones,2018,1668,169
756436174,cripirvu,Pirvu Mihaela Cristina,3612,141,240
3879867480,jonnix01,Jonni Muhonen,1033,7393,101
838603342,margaux_durnez,Margaux Durnez,233,1010,146
386219085,quintenrasking,Quinten Rasking,410,1478,412
4033939007,canada_my_man,ruined my life.,103,239,107
1376099740,latajah.renee,ğŸ‘‘ğŸ’ğŸ’‹â„“Î±'Ñ‚Î±ÊÎ±Ğ½ âˆ‚Ï…Ğ²Î¹gĞ¸ÏƒĞ¸ğŸ‘‘ğŸ’ğŸ’‹,1031,3337,69
300405617,elllvdk,Ellen van der Kolk,474,388,71
9326920,anoukyve,Anouk Yve,75980,780,3172
212511964,dianeliise,DIANNE,1087,4976,121
2630079736,aliemarianaus,Alie Maria Naus,672,1051,119
4224319718,cuban_girl_3,Yainet Sanchez Guerra,573,385,73
1624634734,larsiek3fan,Lars ğŸ˜‰,1349,489,565
1899227,mirandapranoto,Miranda Pranoto,1077,850,251
42980316,mandywaasdorp,Mandy,608,445,229
3209333215,jossebethmendoza,Jossebeth,590,1805,61
1960197687,irinanikolaichuk,Ğ˜Ñ€Ğ¸Ğ½Ğ° ĞĞ¸ĞºĞ¾Ğ»Ğ°Ğ¹Ñ‡ÑƒĞº,118,166,124
1373815203,daystar_wi,,303,271,176
1434659857,tom_barten,Tom Barten,30712,448,1498
45503001,colin_staack,Colin Staack,295,105,105
2236613819,warrior_princess_fit,Erica Hepperle,5870,796,252
183215511,meijerinkilse,Ilse,333,294,169
403077101,friedel_guldemont,Blogger Vive les femmes. ğŸ€,1587,7504,250
2221445153,irine_shamilishvili,Levan Beridze,229,94,152
274584918,giorgia_marchesin,G.M,742,590,165
2231215752,bcagsss,Brittany,610,5009,198
2250021606,josebethdiaz,josebeth Diaz,105,320,96
2241832332,elycruz_06,Semahdar,289,98,212
359736846,olaiaa23,olaia,375,313,211
1735278236,shut_up_billy,James Angelo Vincent Caling,516,2393,205
1342427774,koala_oxox,Rara,137,793,159
3851307319,mery_raki,Meryem echeeraki MAMA,366,2190,982
4043670675,chellytasnim,tasnim chelly,408,336,93
3953581830,phinefields,Phinefields,1259,1848,638
1359320191,rrrrostova,,715,366,356
718716906,tanyalidia,crazylife,9206,3187,118
